time_tag,kp_value,rolling_15m_max_kp,risk_label,alert_emitted,processing_status
2026-08-11T00:00:00Z,4.0,4.0,normal,false,accepted
2026-08-11T00:05:00Z,5.0,5.0,normal,false,accepted
2026-08-11T00:10:00Z,6.3,6.3,elevated,true,accepted
2026-08-11T00:10:00Z,6.3,6.3,elevated,false,duplicate_skipped
2026-08-11T00:20:00Z,5.5,6.3,elevated,false,accepted
2026-08-11T00:25:00Z,5.2,6.3,elevated,false,accepted
2026-08-11T00:26:00Z,5.0,5.5,normal,false,accepted
2026-08-11T00:27:00Z,7.0,7.0,elevated,true,accepted
2026-08-11T00:30:00Z,6.7,7.0,elevated,false,accepted
